Fecha,pH,Ox√≠geno disuelto,Temperatura
"2022/01/01, 00:00",6.68,8.91,12.87
"2022/01/01, 06:00",8.44,9.65,10.95
"2022/01/01, 12:00",7.26,9.52,12.65
"2022/01/01, 18:00",7.79,7.69,10.18
"2022/01/02, 00:00",7.36,7.1,14.11
"2022/01/02, 06:00",7.51,7.55,10.43
"2022/01/02, 12:00",7.96,7.4,13.08
"2022/01/02, 18:00",8.11,9.62,13.24
"2022/01/03, 00:00",7.6,7.8,12.95
"2022/01/03, 06:00",7.62,8.61,14.46
"2022/01/03, 12:00",7.2,7.13,10.77
"2022/01/03, 18:00",8.23,8.6,11.36
"2022/01/04, 00:00",7.73,7.24,12.88
"2022/01/04, 06:00",6.59,7.06,11.97
"2022/01/04, 12:00",7.64,9.94,13.74
"2022/01/04, 18:00",7.08,9.01,12.14
"2022/01/05, 00:00",7.73,9.19,14.53
"2022/01/05, 06:00",7.46,9.71,13.68
"2022/01/05, 12:00",8.39,7.42,14.4
"2022/01/05, 18:00",6.79,9.36,10.97
"2022/01/06, 00:00",7.41,9.86,14.53
"2022/01/06, 06:00",7.77,9.35,14.33
"2022/01/06, 12:00",7.57,7.24,12.58
"2022/01/06, 18:00",8.2,8.46,10.13
"2022/01/07, 00:00",7.25,9.63,14.36
"2022/01/07, 06:00",6.67,8.71,13.98
"2022/01/07, 12:00",8.23,9.32,14.83
"2022/01/07, 18:00",6.68,7.07,11.2
"2022/01/08, 00:00",8.03,7.14,10.81
"2022/01/08, 06:00",8.26,7.44,14.0
"2022/01/08, 12:00",6.72,7.01,12.12
"2022/01/08, 18:00",8.3,8.3,12.85
"2022/01/09, 00:00",6.57,7.61,10.52
"2022/01/09, 06:00",7.16,7.12,12.46
"2022/01/09, 12:00",8.29,8.55,11.25
"2022/01/09, 18:00",8.03,7.73,11.09
"2022/01/10, 00:00",7.39,7.76,14.01
"2022/01/10, 06:00",7.04,7.84,12.97
"2022/01/10, 12:00",8.32,8.37,12.48
"2022/01/10, 18:00",8.17,9.97,13.05
"2022/01/11, 00:00",7.53,7.26,11.0
"2022/01/11, 06:00",7.71,7.15,10.78
"2022/01/11, 12:00",7.07,7.88,12.94
"2022/01/11, 18:00",7.18,8.43,13.16
"2022/01/12, 00:00",6.85,8.24,14.5
"2022/01/12, 06:00",8.19,9.85,13.87
"2022/01/12, 12:00",7.35,7.05,12.55
"2022/01/12, 18:00",7.5,8.84,11.0
"2022/01/13, 00:00",8.34,7.8,11.28
"2022/01/13, 06:00",8.46,7.88,14.21
"2022/01/13, 12:00",7.66,8.46,10.91
"2022/01/13, 18:00",7.03,7.73,10.94
"2022/01/14, 00:00",7.93,7.41,10.11
"2022/01/14, 06:00",7.72,9.62,10.51
"2022/01/14, 12:00",8.2,7.94,13.95
"2022/01/14, 18:00",6.59,8.22,14.38
"2022/01/15, 00:00",7.31,8.36,13.37
"2022/01/15, 06:00",7.42,7.83,13.95
"2022/01/15, 12:00",7.67,8.2,11.68
"2022/01/15, 18:00",7.57,7.96,13.34
"2022/01/16, 00:00",7.44,9.93,10.21
"2022/01/16, 06:00",7.35,7.18,11.52
"2022/01/16, 12:00",7.24,8.93,10.04
"2022/01/16, 18:00",8.13,8.7,11.87
"2022/01/17, 00:00",8.23,9.02,10.06
"2022/01/17, 06:00",8.43,8.88,13.88
"2022/01/17, 12:00",8.32,8.39,10.45
"2022/01/17, 18:00",7.31,9.1,14.08
"2022/01/18, 00:00",6.85,7.86,11.69
"2022/01/18, 06:00",8.34,7.61,10.13
"2022/01/18, 12:00",7.01,7.88,10.61
"2022/01/18, 18:00",7.61,9.17,11.49
"2022/01/19, 00:00",8.38,7.08,10.27
"2022/01/19, 06:00",7.17,7.55,14.17
"2022/01/19, 12:00",7.79,8.7,11.28
"2022/01/19, 18:00",7.58,8.0,11.78
"2022/01/20, 00:00",7.45,8.49,13.95
"2022/01/20, 06:00",8.36,8.53,11.62
"2022/01/20, 12:00",7.57,8.33,13.27
"2022/01/20, 18:00",8.45,7.17,12.73
"2022/01/21, 00:00",7.29,8.51,11.06
"2022/01/21, 06:00",7.86,9.71,11.57
"2022/01/21, 12:00",7.32,8.86,10.92
"2022/01/21, 18:00",7.93,7.52,10.55
"2022/01/22, 00:00",8.45,8.84,13.46
"2022/01/22, 06:00",6.51,9.88,11.05
"2022/01/22, 12:00",8.44,9.27,12.2
"2022/01/22, 18:00",7.67,9.65,10.75
"2022/01/23, 00:00",8.06,9.83,11.62
"2022/01/23, 06:00",6.91,7.23,12.49
"2022/01/23, 12:00",7.91,9.58,10.54
"2022/01/23, 18:00",7.68,8.4,12.63
"2022/01/24, 00:00",7.34,8.21,13.72
"2022/01/24, 06:00",7.98,8.0,14.26
"2022/01/24, 12:00",7.46,9.42,14.52
"2022/01/24, 18:00",6.97,7.73,13.82
"2022/01/25, 00:00",8.45,8.94,14.28
"2022/01/25, 06:00",8.07,8.42,13.93
"2022/01/25, 12:00",6.59,9.23,11.26
"2022/01/25, 18:00",7.74,7.78,10.98
"2022/01/26, 00:00",6.64,9.86,14.6
"2022/01/26, 06:00",6.68,8.02,10.25
"2022/01/26, 12:00",7.8,7.83,14.3
"2022/01/26, 18:00",6.97,9.27,12.18
"2022/01/27, 00:00",6.85,9.36,11.92
"2022/01/27, 06:00",7.64,8.25,14.14
"2022/01/27, 12:00",8.16,8.89,13.68
"2022/01/27, 18:00",6.84,8.62,10.72
"2022/01/28, 00:00",7.58,8.08,10.35
"2022/01/28, 06:00",7.92,7.67,14.34
"2022/01/28, 12:00",6.73,7.87,12.84
"2022/01/28, 18:00",7.2,9.69,11.46
"2022/01/29, 00:00",8.29,8.1,10.12
"2022/01/29, 06:00",8.22,8.86,12.52
"2022/01/29, 12:00",7.88,8.31,12.12
"2022/01/29, 18:00",6.54,7.99,10.72
"2022/01/30, 00:00",7.42,7.77,11.28
"2022/01/30, 06:00",7.18,9.26,14.11
"2022/01/30, 12:00",7.56,9.18,13.86
"2022/01/30, 18:00",7.69,9.92,12.37
"2022/01/31, 00:00",7.93,9.41,12.62
"2022/01/31, 06:00",7.26,9.77,11.43
"2022/01/31, 12:00",8.37,8.66,10.08
"2022/01/31, 18:00",6.61,7.56,10.61
"2022/02/01, 00:00",7.61,7.89,11.95
"2022/02/01, 06:00",7.01,7.48,12.99
"2022/02/01, 12:00",7.29,8.73,10.06
"2022/02/01, 18:00",8.26,9.37,10.45
"2022/02/02, 00:00",6.72,9.9,13.75
"2022/02/02, 06:00",6.75,9.86,10.27
"2022/02/02, 12:00",7.79,7.58,11.97
"2022/02/02, 18:00",8.05,9.15,12.16
"2022/02/03, 00:00",7.63,9.84,10.3
"2022/02/03, 06:00",8.42,9.35,10.11
"2022/02/03, 12:00",6.97,9.32,10.88
"2022/02/03, 18:00",7.45,7.96,10.75
"2022/02/04, 00:00",8.47,9.68,13.54
"2022/02/04, 06:00",6.85,9.62,10.53
"2022/02/04, 12:00",7.26,8.27,13.85
"2022/02/04, 18:00",7.01,8.52,11.22
"2022/02/05, 00:00",7.92,9.18,12.45
"2022/02/05, 06:00",6.54,8.81,10.49
"2022/02/05, 12:00",8.41,7.07,14.96
"2022/02/05, 18:00",8.07,8.12,13.3
"2022/02/06, 00:00",6.82,7.21,12.83
"2022/02/06, 06:00",7.41,7.59,14.42
"2022/02/06, 12:00",6.77,7.03,12.17
"2022/02/06, 18:00",8.14,7.91,11.88
"2022/02/07, 00:00",6.79,9.69,14.08
"2022/02/07, 06:00",7.24,9.5,10.17
"2022/02/07, 12:00",8.3,7.87,13.9
"2022/02/07, 18:00",7.42,7.23,13.82
"2022/02/08, 00:00",6.57,7.05,13.06
"2022/02/08, 06:00",7.16,8.7,11.6
"2022/02/08, 12:00",7.58,8.15,13.77
"2022/02/08, 18:00",7.31,7.1,12.71
"2022/02/09, 00:00",6.68,8.47,11.56
"2022/02/09, 06:00",7.68,9.74,12.0
"2022/02/09, 12:00",8.26,8.92,13.06
"2022/02/09, 18:00",8.11,7.15,11.9
"2022/02/10, 00:00",6.62,7.05,14.04
"2022/02/10, 06:00",7.06,9.92,13.62
"2022/02/10, 12:00",7.34,8.59,11.64
"2022/02/10, 18:00",6.84,9.52,13.78
"2022/02/11, 00:00",6.76,7.02,14.21
"2022/02/11, 06:00",7.69,7.07,12.6
"2022/02/11, 12:00",7.51,9.3,14.14
"2022/02/11, 18:00",7.37,7.31,12.97
"2022/02/12, 00:00",7.1,9.12,14.28
"2022/02/12, 06:00",8.08,7.27,10.85
"2022/02/12, 12:00",8.31,8.83,13.04
"2022/02/12, 18:00",7.27,9.92,14.95
"2022/02/13, 00:00",6.81,9.51,13.51
"2022/02/13, 06:00",8.23,9.19,10.96
"2022/02/13, 12:00",6.74,7.44,12.96
"2022/02/13, 18:00",7.76,9.63,11.55
"2022/02/14, 00:00",7.08,8.31,11.91
"2022/02/14, 06:00",6.62,7.13,11.73
"2022/02/14, 12:00",7.8,8.08,12.76
"2022/02/14, 18:00",7.03,8.28,10.75
"2022/02/15, 00:00",6.91,7.92,13.47
"2022/02/15, 06:00",7.74,7.43,14.14
"2022/02/15, 12:00",8.33,8.24,10.62
"2022/02/15, 18:00",7.86,7.17,14.31
"2022/02/16, 00:00",6.9,7.91,13.86
"2022/02/16, 06:00",7.99,8.71,14.54
"2022/02/16, 12:00",7.7,9.71,13.49
"2022/02/16, 18:00",7.04,8.39,13.01
"2022/02/17, 00:00",8.0,8.06,11.86
"2022/02/17, 06:00",6.55,9.37,13.84
"2022/02/17, 12:00",7.97,7.25,11.49
"2022/02/17, 18:00",8.48,9.06,12.37
"2022/02/18, 00:00",8.18,8.15,13.48
"2022/02/18, 06:00",7.57,9.26,12.83
"2022/02/18, 12:00",8.37,8.59,12.36
"2022/02/18, 18:00",7.79,7.93,10.82
"2022/02/19, 00:00",6.69,7.39,10.94
"2022/02/19, 06:00",7.24,9.55,12.33
"2022/02/19, 12:00",7.9,9.62,11.82
"2022/02/19, 18:00",7.55,8.36,14.55
"2022/02/20, 00:00",7.89,9.63,12.14
"2022/02/20, 06:00",7.94,8.16,11.8
"2022/02/20, 12:00",6.62,7.99,13.2
"2022/02/20, 18:00",7.08,8.55,11.88
"2022/02/21, 00:00",7.5,9.9,12.93
"2022/02/21, 06:00",7.78,9.13,11.39
"2022/02/21, 12:00",8.12,7.7,11.99
"2022/02/21, 18:00",7.46,7.19,10.03
"2022/02/22, 00:00",8.24,8.48,11.76
"2022/02/22, 06:00",7.07,7.94,12.81
"2022/02/22, 12:00",7.19,8.54,11.41
"2022/02/22, 18:00",8.05,7.43,12.51
"2022/02/23, 00:00",7.67,7.25,13.54
"2022/02/23, 06:00",7.24,9.81,12.98
"2022/02/23, 12:00",6.8,8.5,10.31
"2022/02/23, 18:00",8.18,8.2,11.38
"2022/02/24, 00:00",7.87,9.47,13.43
"2022/02/24, 06:00",7.66,7.82,11.4
"2022/02/24, 12:00",8.07,8.81,12.87
"2022/02/24, 18:00",6.86,7.34,12.7
"2022/02/25, 00:00",7.18,9.31,10.44
"2022/02/25, 06:00",7.74,8.94,14.32
"2022/02/25, 12:00",8.2,8.91,14.6
"2022/02/25, 18:00",7.93,9.51,10.27
"2022/02/26, 00:00",7.38,7.9,10.02
"2022/02/26, 06:00",8.4,9.49,14.37
"2022/02/26, 12:00",8.19,8.23,10.47
"2022/02/26, 18:00",8.5,8.89,11.35
"2022/02/27, 00:00",6.52,8.52,13.47
"2022/02/27, 06:00",6.78,9.53,14.34
"2022/02/27, 12:00",7.28,7.41,14.35
"2022/02/27, 18:00",7.34,8.62,12.17
"2022/02/28, 00:00",8.21,7.76,14.1
"2022/02/28, 06:00",8.34,7.49,10.86
"2022/02/28, 12:00",7.16,9.45,11.79
"2022/02/28, 18:00",6.64,9.02,11.83
"2022/03/01, 00:00",8.03,8.61,12.59
"2022/03/01, 06:00",6.85,7.64,10.57
"2022/03/01, 12:00",6.7,7.76,13.86
"2022/03/01, 18:00",7.98,7.57,13.22
"2022/03/02, 00:00",8.05,8.92,13.0
"2022/03/02, 06:00",7.26,9.34,14.91
"2022/03/02, 12:00",7.17,9.74,14.36
"2022/03/02, 18:00",8.38,8.6,14.16
"2022/03/03, 00:00",7.32,7.05,14.99
"2022/03/03, 06:00",6.84,9.74,14.39
"2022/03/03, 12:00",6.8,7.48,10.82
"2022/03/03, 18:00",8.29,9.82,13.67
"2022/03/04, 00:00",7.3,7.69,12.19
"2022/03/04, 06:00",6.94,9.23,11.6
"2022/03/04, 12:00",7.29,8.32,14.14
"2022/03/04, 18:00",8.34,7.7,14.39
"2022/03/05, 00:00",7.19,9.17,12.69
"2022/03/05, 06:00",8.07,7.35,13.45
"2022/03/05, 12:00",8.28,8.92,11.08
"2022/03/05, 18:00",7.01,9.43,10.13
"2022/03/06, 00:00",7.29,7.35,14.87
"2022/03/06, 06:00",7.21,8.03,11.42
"2022/03/06, 12:00",7.79,8.24,10.64
"2022/03/06, 18:00",7.33,7.54,11.02
"2022/03/07, 00:00",6.87,7.43,11.33
"2022/03/07, 06:00",6.91,7.43,13.59
"2022/03/07, 12:00",7.06,8.6,12.02
"2022/03/07, 18:00",7.66,9.96,11.04
"2022/03/08, 00:00",7.77,9.38,11.63
"2022/03/08, 06:00",7.37,8.7,11.33
"2022/03/08, 12:00",7.75,9.91,11.43
"2022/03/08, 18:00",7.76,9.1,14.16
"2022/03/09, 00:00",6.72,8.57,11.75
"2022/03/09, 06:00",7.69,9.89,13.32
"2022/03/09, 12:00",8.41,8.36,11.17
"2022/03/09, 18:00",6.59,9.52,14.78
"2022/03/10, 00:00",8.35,7.62,10.97
"2022/03/10, 06:00",8.12,7.75,13.5
"2022/03/10, 12:00",8.25,8.75,14.3
"2022/03/10, 18:00",8.29,9.99,10.05
"2022/03/11, 00:00",6.81,7.45,14.09
"2022/03/11, 06:00",7.86,8.03,14.88
"2022/03/11, 12:00",7.84,7.16,11.34
"2022/03/11, 18:00",7.47,9.08,11.65
"2022/03/12, 00:00",6.89,7.31,12.69
"2022/03/12, 06:00",7.02,9.73,11.14
"2022/03/12, 12:00",7.99,7.36,13.33
"2022/03/12, 18:00",7.23,8.06,13.53
"2022/03/13, 00:00",7.57,9.9,10.39
"2022/03/13, 06:00",7.38,7.27,12.47
"2022/03/13, 12:00",7.37,7.53,12.79
"2022/03/13, 18:00",7.17,8.71,12.4
"2022/03/14, 00:00",7.42,7.23,14.9
"2022/03/14, 06:00",7.21,7.95,11.26
"2022/03/14, 12:00",7.51,9.64,10.4
"2022/03/14, 18:00",6.5,7.5,12.32
"2022/03/15, 00:00",8.33,7.66,10.79
"2022/03/15, 06:00",8.09,8.36,11.72
"2022/03/15, 12:00",7.48,7.3,12.55
"2022/03/15, 18:00",7.47,7.81,12.32
"2022/03/16, 00:00",7.73,8.18,13.15
"2022/03/16, 06:00",6.99,9.54,13.0
"2022/03/16, 12:00",7.48,8.56,13.06
"2022/03/16, 18:00",6.82,7.25,10.58
"2022/03/17, 00:00",6.58,9.5,14.9
"2022/03/17, 06:00",7.64,7.06,14.73
"2022/03/17, 12:00",6.59,7.44,11.4
"2022/03/17, 18:00",8.14,7.33,10.34
"2022/03/18, 00:00",6.77,7.36,11.39
"2022/03/18, 06:00",8.41,7.2,10.34
"2022/03/18, 12:00",7.75,9.92,11.07
"2022/03/18, 18:00",7.53,9.08,13.53
"2022/03/19, 00:00",6.9,7.03,10.44
"2022/03/19, 06:00",6.53,8.13,11.19
"2022/03/19, 12:00",6.51,7.54,13.6
"2022/03/19, 18:00",6.77,8.39,12.34
"2022/03/20, 00:00",7.44,9.71,12.6
"2022/03/20, 06:00",8.24,8.34,12.86
"2022/03/20, 12:00",8.17,7.06,12.62
"2022/03/20, 18:00",7.9,9.13,12.18
"2022/03/21, 00:00",6.78,7.33,10.85
"2022/03/21, 06:00",7.88,7.71,12.52
"2022/03/21, 12:00",6.89,7.92,14.88
"2022/03/21, 18:00",8.02,8.83,12.18
"2022/03/22, 00:00",8.47,8.62,10.85
"2022/03/22, 06:00",8.41,8.44,13.12
"2022/03/22, 12:00",8.37,9.81,13.2
"2022/03/22, 18:00",6.69,7.3,14.67
"2022/03/23, 00:00",6.71,8.99,10.43
"2022/03/23, 06:00",7.33,7.85,13.17
"2022/03/23, 12:00",6.7,7.59,11.6
"2022/03/23, 18:00",8.33,7.52,13.6
"2022/03/24, 00:00",8.27,9.13,13.46
"2022/03/24, 06:00",7.68,8.78,12.49
"2022/03/24, 12:00",8.31,8.7,10.27
"2022/03/24, 18:00",6.86,9.32,12.59
"2022/03/25, 00:00",6.73,8.31,11.03
"2022/03/25, 06:00",8.39,7.79,11.62
"2022/03/25, 12:00",7.21,9.19,11.97
"2022/03/25, 18:00",7.09,7.84,10.87
"2022/03/26, 00:00",7.39,8.95,10.63
"2022/03/26, 06:00",7.16,9.28,11.62
"2022/03/26, 12:00",8.43,8.59,12.25
"2022/03/26, 18:00",8.41,7.12,12.01
"2022/03/27, 00:00",7.3,8.58,10.82
"2022/03/27, 06:00",7.1,7.82,14.76
"2022/03/27, 12:00",6.86,9.65,10.49
"2022/03/27, 18:00",7.8,7.47,11.45
"2022/03/28, 00:00",7.78,7.93,13.28
"2022/03/28, 06:00",7.63,8.2,14.8
"2022/03/28, 12:00",7.01,7.68,13.7
"2022/03/28, 18:00",6.54,9.76,10.85
"2022/03/29, 00:00",7.68,9.23,11.35
"2022/03/29, 06:00",7.63,7.78,11.81
"2022/03/29, 12:00",7.59,8.83,13.56
"2022/03/29, 18:00",7.81,7.0,13.36
"2022/03/30, 00:00",7.0,8.69,14.71
"2022/03/30, 06:00",8.27,8.24,11.45
"2022/03/30, 12:00",7.38,8.65,12.5
"2022/03/30, 18:00",6.79,8.58,12.84
"2022/03/31, 00:00",7.18,7.01,11.34
"2022/03/31, 06:00",6.91,8.12,11.79
"2022/03/31, 12:00",8.2,7.55,13.74
"2022/03/31, 18:00",6.99,9.31,13.48
"2022/04/01, 00:00",8.02,9.42,14.57
"2022/04/01, 06:00",8.16,9.8,11.14
"2022/04/01, 12:00",7.55,8.6,11.96
"2022/04/01, 18:00",8.05,9.65,13.57
"2022/04/02, 00:00",7.78,8.78,13.75
"2022/04/02, 06:00",7.09,9.03,13.56
"2022/04/02, 12:00",7.09,9.35,11.28
"2022/04/02, 18:00",6.81,8.77,14.12
"2022/04/03, 00:00",8.35,8.74,10.65
"2022/04/03, 06:00",7.0,7.81,12.04
"2022/04/03, 12:00",8.09,8.2,11.45
"2022/04/03, 18:00",7.2,8.56,13.53
"2022/04/04, 00:00",7.53,7.42,10.27
"2022/04/04, 06:00",7.91,8.64,12.99
"2022/04/04, 12:00",7.43,8.39,13.66
"2022/04/04, 18:00",7.08,7.49,10.24
"2022/04/05, 00:00",7.56,8.04,10.22
"2022/04/05, 06:00",8.08,9.88,12.94
"2022/04/05, 12:00",7.55,7.81,13.43
"2022/04/05, 18:00",6.92,9.3,13.69
"2022/04/06, 00:00",7.0,9.49,14.54
"2022/04/06, 06:00",7.04,9.15,10.21
"2022/04/06, 12:00",8.3,9.48,12.91
"2022/04/06, 18:00",8.05,8.05,13.91
"2022/04/07, 00:00",7.34,9.4,11.21
"2022/04/07, 06:00",6.82,7.05,14.36
"2022/04/07, 12:00",7.08,9.22,10.1
"2022/04/07, 18:00",6.8,8.62,10.63
"2022/04/08, 00:00",7.63,8.09,11.94
"2022/04/08, 06:00",7.96,8.08,14.31
"2022/04/08, 12:00",7.47,9.53,12.1
"2022/04/08, 18:00",6.5,9.41,10.78
"2022/04/09, 00:00",7.76,9.33,12.33
"2022/04/09, 06:00",8.21,8.41,11.53
"2022/04/09, 12:00",8.03,7.57,13.83
"2022/04/09, 18:00",7.37,7.95,11.7
"2022/04/10, 00:00",7.78,9.96,14.18
"2022/04/10, 06:00",7.47,8.52,10.02
"2022/04/10, 12:00",8.01,7.17,12.5
"2022/04/10, 18:00",6.69,7.76,11.37
"2022/04/11, 00:00",7.45,7.71,12.3
"2022/04/11, 06:00",7.22,8.57,11.84
"2022/04/11, 12:00",6.56,8.59,13.42
"2022/04/11, 18:00",6.81,9.72,14.06
"2022/04/12, 00:00",7.19,7.29,12.75
"2022/04/12, 06:00",7.41,8.12,12.34
"2022/04/12, 12:00",7.15,9.33,12.31
"2022/04/12, 18:00",6.78,8.97,10.9
"2022/04/13, 00:00",7.19,8.52,10.75
"2022/04/13, 06:00",8.33,9.9,10.07
"2022/04/13, 12:00",7.47,9.09,11.86
"2022/04/13, 18:00",7.82,9.48,14.74
"2022/04/14, 00:00",6.94,7.9,11.37
"2022/04/14, 06:00",8.27,9.46,11.68
"2022/04/14, 12:00",7.74,9.39,11.07
"2022/04/14, 18:00",7.89,9.24,13.03
"2022/04/15, 00:00",7.66,9.07,12.32
"2022/04/15, 06:00",6.87,8.61,14.48
"2022/04/15, 12:00",7.06,8.5,12.51
"2022/04/15, 18:00",8.39,9.82,13.29
"2022/04/16, 00:00",8.35,7.93,13.68
"2022/04/16, 06:00",7.75,7.4,12.59
"2022/04/16, 12:00",8.48,9.67,13.33
"2022/04/16, 18:00",7.54,8.47,10.72
"2022/04/17, 00:00",7.29,8.88,13.27
"2022/04/17, 06:00",7.05,7.85,12.26
"2022/04/17, 12:00",8.46,7.52,10.85
"2022/04/17, 18:00",7.34,8.83,11.06
"2022/04/18, 00:00",6.96,7.18,10.8
"2022/04/18, 06:00",7.98,7.33,14.35
"2022/04/18, 12:00",7.16,9.38,14.41
"2022/04/18, 18:00",7.64,7.38,14.53
"2022/04/19, 00:00",6.85,9.78,12.47
"2022/04/19, 06:00",7.91,8.59,11.59
"2022/04/19, 12:00",6.56,8.03,14.36
"2022/04/19, 18:00",6.81,9.16,10.65
"2022/04/20, 00:00",7.07,7.83,11.67
"2022/04/20, 06:00",7.51,9.56,11.4
"2022/04/20, 12:00",8.44,8.93,12.18
"2022/04/20, 18:00",8.12,9.33,11.63
"2022/04/21, 00:00",7.62,9.4,13.57
"2022/04/21, 06:00",8.27,9.76,13.93
"2022/04/21, 12:00",8.0,9.23,13.37
"2022/04/21, 18:00",7.1,9.75,10.79
"2022/04/22, 00:00",8.31,8.87,14.6
"2022/04/22, 06:00",6.96,7.65,10.58
"2022/04/22, 12:00",8.43,7.88,13.87
"2022/04/22, 18:00",7.55,8.59,13.74
"2022/04/23, 00:00",7.69,9.71,13.99
"2022/04/23, 06:00",8.03,9.32,11.8
"2022/04/23, 12:00",7.1,7.17,10.18
"2022/04/23, 18:00",6.9,9.35,12.14
"2022/04/24, 00:00",7.43,8.92,13.69
"2022/04/24, 06:00",8.31,7.15,12.84
"2022/04/24, 12:00",8.14,7.49,10.72
"2022/04/24, 18:00",6.92,7.02,11.8
"2022/04/25, 00:00",6.79,9.0,12.54
"2022/04/25, 06:00",6.96,9.65,14.43
"2022/04/25, 12:00",7.28,8.6,12.39
"2022/04/25, 18:00",6.82,9.7,14.69
"2022/04/26, 00:00",7.27,8.63,11.19
"2022/04/26, 06:00",7.69,7.97,10.5
"2022/04/26, 12:00",7.21,8.51,13.55
"2022/04/26, 18:00",6.89,7.58,12.47
"2022/04/27, 00:00",7.63,9.53,10.81
"2022/04/27, 06:00",7.13,7.08,12.94
"2022/04/27, 12:00",8.5,8.15,14.58
"2022/04/27, 18:00",7.4,7.68,11.9
"2022/04/28, 00:00",8.18,9.02,10.58
"2022/04/28, 06:00",6.59,8.13,14.55
"2022/04/28, 12:00",6.56,9.97,12.56
"2022/04/28, 18:00",6.85,8.45,11.96
"2022/04/29, 00:00",7.58,9.14,13.94
"2022/04/29, 06:00",7.28,7.97,11.51
"2022/04/29, 12:00",6.74,9.05,11.65
"2022/04/29, 18:00",7.57,8.82,10.32
"2022/04/30, 00:00",7.69,8.6,10.43
"2022/04/30, 06:00",8.29,8.52,11.42
"2022/04/30, 12:00",7.27,9.68,14.86
"2022/04/30, 18:00",8.06,8.99,13.04
"2022/05/01, 00:00",6.95,8.6,11.26
"2022/05/01, 06:00",6.89,8.05,13.48
"2022/05/01, 12:00",7.75,7.48,13.11
"2022/05/01, 18:00",7.45,7.84,13.71
"2022/05/02, 00:00",8.45,7.06,10.76
"2022/05/02, 06:00",8.49,8.38,11.17
"2022/05/02, 12:00",7.86,7.54,14.43
"2022/05/02, 18:00",7.75,7.22,12.97
"2022/05/03, 00:00",7.0,7.39,12.58
"2022/05/03, 06:00",8.15,7.57,12.08
"2022/05/03, 12:00",7.55,8.79,10.57
"2022/05/03, 18:00",8.47,7.3,10.03
"2022/05/04, 00:00",8.04,8.96,11.2
"2022/05/04, 06:00",7.31,9.67,11.85
"2022/05/04, 12:00",7.14,9.16,10.38
"2022/05/04, 18:00",7.96,8.19,13.07
"2022/05/05, 00:00",7.41,9.15,11.36
"2022/05/05, 06:00",7.49,8.09,12.79
"2022/05/05, 12:00",8.33,9.1,12.02
"2022/05/05, 18:00",7.0,7.8,13.83
"2022/05/06, 00:00",8.33,9.94,10.81
"2022/05/06, 06:00",6.6,7.71,14.31
"2022/05/06, 12:00",6.98,9.5,11.3
"2022/05/06, 18:00",7.49,8.15,14.47
"2022/05/07, 00:00",7.96,7.44,11.1
"2022/05/07, 06:00",7.52,9.42,13.54
"2022/05/07, 12:00",7.73,8.57,14.19
"2022/05/07, 18:00",7.68,7.08,11.44
"2022/05/08, 00:00",6.51,8.71,11.71
"2022/05/08, 06:00",6.94,8.91,10.95
"2022/05/08, 12:00",8.47,9.15,14.04
"2022/05/08, 18:00",7.31,8.1,13.73
"2022/05/09, 00:00",7.07,7.29,14.18
"2022/05/09, 06:00",7.54,9.59,12.14
"2022/05/09, 12:00",7.79,7.71,12.2
"2022/05/09, 18:00",7.66,9.9,14.5
"2022/05/10, 00:00",6.91,7.76,13.27
"2022/05/10, 06:00",6.71,8.45,13.58
"2022/05/10, 12:00",7.5,7.46,12.65
"2022/05/10, 18:00",8.18,8.92,13.08
"2022/05/11, 00:00",8.07,7.46,11.32
"2022/05/11, 06:00",6.58,9.1,10.66
"2022/05/11, 12:00",6.92,8.97,14.06
"2022/05/11, 18:00",6.56,9.63,11.23
"2022/05/12, 00:00",8.39,9.56,10.76
"2022/05/12, 06:00",7.72,7.76,11.74
"2022/05/12, 12:00",8.4,7.45,12.53
"2022/05/12, 18:00",7.77,7.27,12.85
"2022/05/13, 00:00",7.97,7.61,13.71
"2022/05/13, 06:00",8.37,8.78,10.17
"2022/05/13, 12:00",7.24,9.43,13.34
"2022/05/13, 18:00",8.29,8.03,13.64
"2022/05/14, 00:00",8.49,9.07,10.58
"2022/05/14, 06:00",8.42,8.19,14.69
"2022/05/14, 12:00",6.66,9.72,13.08
"2022/05/14, 18:00",8.08,7.41,13.03
"2022/05/15, 00:00",7.19,8.84,14.93
"2022/05/15, 06:00",7.7,8.88,10.08
"2022/05/15, 12:00",6.55,8.66,14.83
"2022/05/15, 18:00",7.88,9.95,10.09
"2022/05/16, 00:00",8.07,7.49,10.62
"2022/05/16, 06:00",7.26,8.0,14.51
"2022/05/16, 12:00",8.46,9.63,12.22
"2022/05/16, 18:00",7.64,8.11,13.96
"2022/05/17, 00:00",6.95,9.12,10.5
"2022/05/17, 06:00",7.47,9.36,13.3
"2022/05/17, 12:00",8.12,9.79,12.93
"2022/05/17, 18:00",7.85,9.44,10.6
"2022/05/18, 00:00",7.72,8.53,10.2
"2022/05/18, 06:00",6.84,8.87,11.08
"2022/05/18, 12:00",6.62,7.45,10.87
"2022/05/18, 18:00",7.94,7.61,14.84
"2022/05/19, 00:00",7.53,9.63,10.34
"2022/05/19, 06:00",8.37,7.2,14.63
"2022/05/19, 12:00",7.86,8.65,13.91
"2022/05/19, 18:00",7.93,8.98,11.19
"2022/05/20, 00:00",7.3,7.92,14.58
"2022/05/20, 06:00",7.09,8.36,14.66
"2022/05/20, 12:00",6.99,9.53,12.53
"2022/05/20, 18:00",7.01,7.64,12.77
"2022/05/21, 00:00",6.94,7.51,10.08
"2022/05/21, 06:00",6.69,9.67,10.97
"2022/05/21, 12:00",7.09,7.84,10.08
"2022/05/21, 18:00",7.24,9.85,11.43
"2022/05/22, 00:00",7.79,8.39,14.6
"2022/05/22, 06:00",7.93,7.46,13.72
"2022/05/22, 12:00",6.89,8.18,12.78
"2022/05/22, 18:00",7.68,8.55,11.51
"2022/05/23, 00:00",6.76,7.71,11.45
"2022/05/23, 06:00",7.51,8.76,11.95
"2022/05/23, 12:00",7.22,8.11,13.33
"2022/05/23, 18:00",7.68,9.13,11.01
"2022/05/24, 00:00",6.78,7.49,13.76
"2022/05/24, 06:00",8.18,9.22,14.1
"2022/05/24, 12:00",8.38,9.68,14.68
"2022/05/24, 18:00",8.22,7.19,10.31
"2022/05/25, 00:00",7.57,8.44,13.06
"2022/05/25, 06:00",6.59,7.54,10.03
"2022/05/25, 12:00",7.23,9.87,14.4
"2022/05/25, 18:00",8.47,9.87,11.64
"2022/05/26, 00:00",8.44,7.49,13.82
"2022/05/26, 06:00",6.65,7.79,12.0
"2022/05/26, 12:00",7.43,7.07,11.14
"2022/05/26, 18:00",8.35,7.06,13.73
"2022/05/27, 00:00",7.89,7.12,12.71
"2022/05/27, 06:00",8.0,7.24,13.56
"2022/05/27, 12:00",7.21,7.02,14.91
"2022/05/27, 18:00",7.19,8.79,12.75
"2022/05/28, 00:00",7.9,7.65,14.85
"2022/05/28, 06:00",6.78,8.6,10.7
"2022/05/28, 12:00",7.61,8.27,10.11
"2022/05/28, 18:00",7.59,8.58,11.46
"2022/05/29, 00:00",7.72,9.91,11.57
"2022/05/29, 06:00",6.87,9.27,14.03
"2022/05/29, 12:00",7.19,7.06,11.19
"2022/05/29, 18:00",6.54,9.83,13.02
"2022/05/30, 00:00",7.22,7.65,14.61
"2022/05/30, 06:00",7.87,7.9,13.52
"2022/05/30, 12:00",6.98,7.34,10.48
"2022/05/30, 18:00",8.32,8.29,12.17
"2022/05/31, 00:00",7.09,9.87,10.81
"2022/05/31, 06:00",8.27,9.56,12.63
"2022/05/31, 12:00",7.28,7.53,10.93
"2022/05/31, 18:00",8.12,7.63,11.86
"2022/06/01, 00:00",8.28,9.28,14.34
"2022/06/01, 06:00",8.08,9.57,10.79
"2022/06/01, 12:00",7.19,8.25,12.97
"2022/06/01, 18:00",8.17,9.85,11.19
"2022/06/02, 00:00",6.55,8.65,14.11
"2022/06/02, 06:00",6.78,7.56,11.37
"2022/06/02, 12:00",6.56,8.95,10.12
"2022/06/02, 18:00",6.51,7.93,10.77
"2022/06/03, 00:00",7.21,9.32,12.03
"2022/06/03, 06:00",7.49,8.88,12.32
"2022/06/03, 12:00",6.58,8.22,13.71
"2022/06/03, 18:00",7.46,9.33,14.92
"2022/06/04, 00:00",8.3,8.95,11.06
"2022/06/04, 06:00",6.81,8.83,12.07
"2022/06/04, 12:00",8.21,8.49,13.55
"2022/06/04, 18:00",6.73,7.65,12.19
"2022/06/05, 00:00",7.26,7.03,12.08
"2022/06/05, 06:00",7.52,7.65,12.93
"2022/06/05, 12:00",7.55,7.25,12.66
"2022/06/05, 18:00",7.15,7.46,10.96
"2022/06/06, 00:00",6.94,9.73,12.57
"2022/06/06, 06:00",8.48,8.58,11.37
"2022/06/06, 12:00",7.78,7.22,11.28
"2022/06/06, 18:00",6.6,7.21,13.86
"2022/06/07, 00:00",7.31,8.32,12.56
"2022/06/07, 06:00",7.72,7.09,13.53
"2022/06/07, 12:00",7.07,7.1,14.49
"2022/06/07, 18:00",7.9,9.07,13.96
"2022/06/08, 00:00",7.75,8.77,10.62
"2022/06/08, 06:00",6.68,9.59,12.81
"2022/06/08, 12:00",8.31,7.08,13.15
"2022/06/08, 18:00",6.77,7.5,10.08
"2022/06/09, 00:00",8.47,7.87,11.79
"2022/06/09, 06:00",7.37,9.19,11.74
"2022/06/09, 12:00",7.35,9.05,10.73
"2022/06/09, 18:00",6.61,8.09,13.79
"2022/06/10, 00:00",8.11,8.89,10.23
"2022/06/10, 06:00",8.46,8.31,10.68
"2022/06/10, 12:00",8.23,7.94,10.66
"2022/06/10, 18:00",6.8,9.14,14.22
"2022/06/11, 00:00",7.66,8.22,11.75
"2022/06/11, 06:00",6.61,7.9,12.88
"2022/06/11, 12:00",7.97,9.74,14.89
"2022/06/11, 18:00",7.44,7.41,11.83
"2022/06/12, 00:00",7.68,8.55,13.37
"2022/06/12, 06:00",8.35,8.8,13.0
"2022/06/12, 12:00",8.15,9.11,10.04
"2022/06/12, 18:00",7.19,7.29,11.22
"2022/06/13, 00:00",8.17,7.29,11.29
"2022/06/13, 06:00",6.92,8.71,10.01
"2022/06/13, 12:00",6.73,9.22,10.63
"2022/06/13, 18:00",7.09,9.16,12.53
"2022/06/14, 00:00",6.69,7.62,11.26
"2022/06/14, 06:00",6.75,7.38,10.69
"2022/06/14, 12:00",8.0,9.79,10.91
"2022/06/14, 18:00",6.54,7.64,14.36
"2022/06/15, 00:00",7.77,8.18,14.05
"2022/06/15, 06:00",7.0,7.99,14.07
"2022/06/15, 12:00",7.25,8.74,12.55
"2022/06/15, 18:00",8.43,7.46,11.81
"2022/06/16, 00:00",6.65,7.66,14.83
"2022/06/16, 06:00",6.73,7.01,14.52
"2022/06/16, 12:00",7.11,8.11,14.08
"2022/06/16, 18:00",8.21,9.93,10.67
"2022/06/17, 00:00",7.09,9.78,13.45
"2022/06/17, 06:00",7.92,7.95,11.28
"2022/06/17, 12:00",6.84,8.61,13.95
"2022/06/17, 18:00",8.13,8.41,12.05
"2022/06/18, 00:00",7.51,7.57,12.51
"2022/06/18, 06:00",8.1,8.34,10.1
"2022/06/18, 12:00",7.74,7.65,12.18
"2022/06/18, 18:00",7.2,8.88,11.5
"2022/06/19, 00:00",8.36,8.7,14.7
"2022/06/19, 06:00",7.48,8.94,12.24
"2022/06/19, 12:00",7.45,8.98,11.17
"2022/06/19, 18:00",7.31,9.23,11.66
"2022/06/20, 00:00",6.67,9.36,10.83
"2022/06/20, 06:00",8.21,9.12,11.66
"2022/06/20, 12:00",6.98,7.22,12.12
"2022/06/20, 18:00",8.08,9.64,12.87
"2022/06/21, 00:00",6.93,7.75,12.61
"2022/06/21, 06:00",7.78,7.42,11.5
"2022/06/21, 12:00",8.1,9.35,12.93
"2022/06/21, 18:00",7.18,7.46,14.63
"2022/06/22, 00:00",6.79,9.14,14.04
"2022/06/22, 06:00",8.47,7.71,10.19
"2022/06/22, 12:00",7.21,9.69,14.34
"2022/06/22, 18:00",7.69,9.94,12.74
"2022/06/23, 00:00",6.7,7.88,14.19
"2022/06/23, 06:00",7.74,7.13,13.16
"2022/06/23, 12:00",7.42,9.5,12.89
"2022/06/23, 18:00",8.4,9.52,13.28
"2022/06/24, 00:00",7.87,8.61,13.93
"2022/06/24, 06:00",8.2,8.79,10.55
"2022/06/24, 12:00",7.95,8.97,14.36
"2022/06/24, 18:00",7.81,8.0,14.87
"2022/06/25, 00:00",8.44,8.08,12.19
"2022/06/25, 06:00",7.47,9.38,10.5
"2022/06/25, 12:00",6.6,8.28,11.38
"2022/06/25, 18:00",8.14,7.79,12.62
"2022/06/26, 00:00",7.09,7.02,12.73
"2022/06/26, 06:00",7.46,8.19,14.0
"2022/06/26, 12:00",7.15,9.43,13.0
"2022/06/26, 18:00",6.6,7.76,14.0
"2022/06/27, 00:00",6.65,7.28,14.8
"2022/06/27, 06:00",6.5,8.5,11.54
"2022/06/27, 12:00",7.77,7.35,10.56
"2022/06/27, 18:00",6.79,8.57,10.65
"2022/06/28, 00:00",8.27,7.24,12.13
"2022/06/28, 06:00",8.32,7.34,11.62
"2022/06/28, 12:00",6.89,7.51,14.55
"2022/06/28, 18:00",6.6,9.26,12.16
"2022/06/29, 00:00",6.74,7.07,14.01
"2022/06/29, 06:00",8.33,7.23,10.47
"2022/06/29, 12:00",8.32,8.76,12.12
"2022/06/29, 18:00",7.97,7.76,10.0
"2022/06/30, 00:00",7.81,8.43,13.08
"2022/06/30, 06:00",7.14,7.14,12.76
"2022/06/30, 12:00",7.93,9.76,14.54
"2022/06/30, 18:00",7.55,8.26,12.43
"2022/07/01, 00:00",7.51,9.18,10.39
"2022/07/01, 06:00",7.06,8.21,14.7
"2022/07/01, 12:00",7.39,7.94,11.48
"2022/07/01, 18:00",7.22,7.19,14.98
"2022/07/02, 00:00",6.52,7.5,11.1
"2022/07/02, 06:00",7.47,9.59,11.76
"2022/07/02, 12:00",8.09,7.65,10.74
"2022/07/02, 18:00",8.22,7.9,11.54
"2022/07/03, 00:00",7.04,9.98,12.51
"2022/07/03, 06:00",8.39,9.33,14.36
"2022/07/03, 12:00",8.32,9.91,12.79
"2022/07/03, 18:00",6.99,8.62,10.65
"2022/07/04, 00:00",6.98,8.02,14.02
"2022/07/04, 06:00",6.79,8.01,11.16
"2022/07/04, 12:00",8.21,8.42,10.58
"2022/07/04, 18:00",8.42,8.28,10.74
"2022/07/05, 00:00",7.87,7.54,13.47
"2022/07/05, 06:00",6.83,7.32,12.57
"2022/07/05, 12:00",7.27,8.79,11.43
"2022/07/05, 18:00",7.24,8.82,12.1
"2022/07/06, 00:00",7.4,8.25,12.6
"2022/07/06, 06:00",7.93,9.57,12.86
"2022/07/06, 12:00",7.19,9.79,10.37
"2022/07/06, 18:00",7.36,8.04,11.93
"2022/07/07, 00:00",8.15,9.97,14.62
"2022/07/07, 06:00",8.34,9.65,10.38
"2022/07/07, 12:00",6.77,8.57,10.25
"2022/07/07, 18:00",8.11,7.12,12.37
"2022/07/08, 00:00",7.73,8.43,13.04
"2022/07/08, 06:00",8.26,8.13,10.0
"2022/07/08, 12:00",6.77,9.68,11.47
"2022/07/08, 18:00",6.89,9.03,13.34
"2022/07/09, 00:00",6.59,8.26,12.46
"2022/07/09, 06:00",6.85,8.2,11.36
"2022/07/09, 12:00",8.02,7.65,14.06
"2022/07/09, 18:00",8.12,8.88,13.43
"2022/07/10, 00:00",7.85,9.3,12.78
"2022/07/10, 06:00",8.18,7.34,13.34
"2022/07/10, 12:00",6.95,9.68,13.31
"2022/07/10, 18:00",7.57,7.59,10.32
"2022/07/11, 00:00",7.96,9.59,11.57
"2022/07/11, 06:00",7.22,9.73,10.42
"2022/07/11, 12:00",6.56,9.63,10.25
"2022/07/11, 18:00",8.34,8.96,10.47
"2022/07/12, 00:00",7.07,8.5,14.78
"2022/07/12, 06:00",7.15,8.57,14.83
"2022/07/12, 12:00",7.73,8.41,11.7
"2022/07/12, 18:00",7.35,9.05,13.05
"2022/07/13, 00:00",7.84,8.64,11.39
"2022/07/13, 06:00",7.56,7.18,13.32
"2022/07/13, 12:00",6.73,8.5,14.39
"2022/07/13, 18:00",6.91,8.07,11.2
"2022/07/14, 00:00",7.13,8.13,12.01
"2022/07/14, 06:00",6.54,7.63,13.15
"2022/07/14, 12:00",7.87,9.15,11.23
"2022/07/14, 18:00",6.57,9.55,13.71
"2022/07/15, 00:00",8.5,9.96,14.42
"2022/07/15, 06:00",6.6,8.15,10.6
"2022/07/15, 12:00",7.36,9.56,11.11
"2022/07/15, 18:00",8.16,8.22,11.45
"2022/07/16, 00:00",8.42,9.98,13.75
"2022/07/16, 06:00",6.85,9.6,10.11
"2022/07/16, 12:00",8.22,8.38,10.92
"2022/07/16, 18:00",8.17,8.28,12.07
"2022/07/17, 00:00",7.59,9.47,13.09
"2022/07/17, 06:00",8.06,9.83,13.37
"2022/07/17, 12:00",7.21,7.75,12.41
"2022/07/17, 18:00",8.02,9.85,12.95
"2022/07/18, 00:00",8.38,7.7,12.13
"2022/07/18, 06:00",7.17,7.36,12.55
"2022/07/18, 12:00",7.31,9.02,13.39
"2022/07/18, 18:00",8.07,8.96,11.36
"2022/07/19, 00:00",8.31,9.8,10.46
"2022/07/19, 06:00",8.4,9.24,13.79
"2022/07/19, 12:00",7.74,7.4,11.81
"2022/07/19, 18:00",7.27,8.85,11.83
"2022/07/20, 00:00",7.93,8.15,11.32
"2022/07/20, 06:00",8.2,9.76,10.83
"2022/07/20, 12:00",6.55,7.98,13.57
"2022/07/20, 18:00",7.47,8.45,12.16
"2022/07/21, 00:00",6.86,9.76,10.37
"2022/07/21, 06:00",6.99,9.42,13.15
"2022/07/21, 12:00",6.53,7.79,12.68
"2022/07/21, 18:00",7.04,9.14,13.81
"2022/07/22, 00:00",7.48,8.58,12.83
"2022/07/22, 06:00",7.2,9.3,13.83
"2022/07/22, 12:00",7.97,9.3,14.59
"2022/07/22, 18:00",8.22,8.32,10.16
"2022/07/23, 00:00",7.71,7.01,12.7
"2022/07/23, 06:00",7.66,9.24,10.1
"2022/07/23, 12:00",6.64,9.22,10.52
"2022/07/23, 18:00",7.86,8.07,12.43
"2022/07/24, 00:00",7.08,7.75,12.88
"2022/07/24, 06:00",8.16,9.56,14.49
"2022/07/24, 12:00",8.41,7.11,13.86
"2022/07/24, 18:00",8.33,9.13,10.53
"2022/07/25, 00:00",6.89,9.7,13.84
"2022/07/25, 06:00",7.66,8.39,12.37
"2022/07/25, 12:00",7.32,9.17,11.61
"2022/07/25, 18:00",8.0,8.1,13.03
"2022/07/26, 00:00",8.09,7.95,10.4
"2022/07/26, 06:00",7.97,9.16,11.31
"2022/07/26, 12:00",7.24,7.75,11.12
"2022/07/26, 18:00",8.41,9.24,14.72
"2022/07/27, 00:00",8.34,8.47,10.25
"2022/07/27, 06:00",7.81,7.83,11.08
"2022/07/27, 12:00",7.15,7.33,12.15
"2022/07/27, 18:00",7.66,8.36,10.6
"2022/07/28, 00:00",8.04,7.54,14.91
"2022/07/28, 06:00",6.93,8.8,10.9
"2022/07/28, 12:00",8.31,9.23,11.33
"2022/07/28, 18:00",7.19,9.0,13.4
"2022/07/29, 00:00",6.8,7.95,14.03
"2022/07/29, 06:00",7.73,7.97,14.05
"2022/07/29, 12:00",7.25,9.24,13.35
"2022/07/29, 18:00",8.3,9.11,10.21
"2022/07/30, 00:00",7.74,7.48,12.96
"2022/07/30, 06:00",7.37,9.27,13.97
"2022/07/30, 12:00",7.26,7.52,13.38
"2022/07/30, 18:00",7.94,8.54,11.99
"2022/07/31, 00:00",7.93,9.1,13.21
"2022/07/31, 06:00",7.29,8.49,13.17
"2022/07/31, 12:00",7.64,8.36,11.4
"2022/07/31, 18:00",7.2,7.78,11.91
"2022/08/01, 00:00",6.85,7.77,11.25
"2022/08/01, 06:00",7.76,7.07,11.83
"2022/08/01, 12:00",7.06,8.96,10.97
"2022/08/01, 18:00",7.29,7.87,10.22
"2022/08/02, 00:00",7.11,8.24,13.44
"2022/08/02, 06:00",7.5,9.5,13.7
"2022/08/02, 12:00",8.44,9.73,12.36
"2022/08/02, 18:00",7.58,9.79,13.37
"2022/08/03, 00:00",6.59,8.46,14.35
"2022/08/03, 06:00",6.89,9.0,10.8
"2022/08/03, 12:00",7.19,9.39,13.51
"2022/08/03, 18:00",7.42,7.96,11.95
"2022/08/04, 00:00",6.63,8.93,10.69
"2022/08/04, 06:00",7.45,9.32,10.33
"2022/08/04, 12:00",7.09,8.42,11.78
"2022/08/04, 18:00",6.88,9.34,13.72
"2022/08/05, 00:00",7.57,9.9,13.1
"2022/08/05, 06:00",7.56,8.81,12.56
"2022/08/05, 12:00",7.55,9.41,13.84
"2022/08/05, 18:00",8.1,7.51,10.06
"2022/08/06, 00:00",6.98,8.58,14.92
"2022/08/06, 06:00",7.24,7.63,13.95
"2022/08/06, 12:00",7.86,9.67,13.69
"2022/08/06, 18:00",8.32,7.17,10.16
"2022/08/07, 00:00",7.34,7.08,10.17
"2022/08/07, 06:00",6.87,9.89,11.99
"2022/08/07, 12:00",7.13,8.65,14.71
"2022/08/07, 18:00",6.72,9.68,10.21
"2022/08/08, 00:00",6.94,7.43,14.59
"2022/08/08, 06:00",8.4,8.35,10.56
"2022/08/08, 12:00",7.57,9.46,14.9
"2022/08/08, 18:00",8.21,8.01,10.23
"2022/08/09, 00:00",7.62,9.06,10.64
"2022/08/09, 06:00",6.85,9.48,14.3
"2022/08/09, 12:00",7.06,8.09,10.93
"2022/08/09, 18:00",6.96,7.06,11.74
"2022/08/10, 00:00",6.97,9.6,11.91
"2022/08/10, 06:00",7.52,7.11,13.22
"2022/08/10, 12:00",7.17,8.55,12.23
"2022/08/10, 18:00",8.48,7.99,11.02
"2022/08/11, 00:00",6.73,9.82,12.32
"2022/08/11, 06:00",6.88,7.33,12.88
"2022/08/11, 12:00",7.88,7.04,12.01
"2022/08/11, 18:00",7.6,8.85,10.11
"2022/08/12, 00:00",7.55,8.11,12.46
"2022/08/12, 06:00",7.06,7.59,12.33
"2022/08/12, 12:00",7.68,9.84,11.15
"2022/08/12, 18:00",7.1,9.26,13.0
"2022/08/13, 00:00",6.5,7.26,10.57
"2022/08/13, 06:00",8.32,8.47,12.88
"2022/08/13, 12:00",8.29,7.35,10.3
"2022/08/13, 18:00",7.99,9.79,14.15
"2022/08/14, 00:00",6.89,9.29,12.15
"2022/08/14, 06:00",6.65,7.68,11.49
"2022/08/14, 12:00",6.7,7.95,14.72
"2022/08/14, 18:00",8.4,9.31,13.27
"2022/08/15, 00:00",7.02,7.83,10.1
"2022/08/15, 06:00",6.53,7.72,13.57
"2022/08/15, 12:00",7.54,8.98,12.6
"2022/08/15, 18:00",7.15,8.83,10.72
"2022/08/16, 00:00",8.01,8.98,13.98
"2022/08/16, 06:00",8.43,9.42,13.08
"2022/08/16, 12:00",8.02,8.26,10.05
"2022/08/16, 18:00",7.1,7.18,13.95
"2022/08/17, 00:00",7.75,7.39,14.21
"2022/08/17, 06:00",7.97,7.21,11.8
"2022/08/17, 12:00",7.53,9.01,14.41
"2022/08/17, 18:00",8.18,8.07,11.02
"2022/08/18, 00:00",7.48,9.13,10.84
"2022/08/18, 06:00",7.98,7.78,11.34
"2022/08/18, 12:00",7.38,9.61,13.41
"2022/08/18, 18:00",6.96,9.36,11.4
"2022/08/19, 00:00",6.94,8.34,13.54
"2022/08/19, 06:00",8.31,7.98,11.25
"2022/08/19, 12:00",7.78,8.23,13.91
"2022/08/19, 18:00",6.87,7.96,13.48
"2022/08/20, 00:00",8.15,8.12,13.35
"2022/08/20, 06:00",8.22,7.2,13.57
"2022/08/20, 12:00",7.82,8.89,12.27
"2022/08/20, 18:00",7.32,8.1,12.15
"2022/08/21, 00:00",7.49,8.17,12.65
"2022/08/21, 06:00",7.86,7.22,12.24
"2022/08/21, 12:00",8.46,9.15,10.55
"2022/08/21, 18:00",8.26,8.21,10.79
"2022/08/22, 00:00",7.35,8.48,12.04
"2022/08/22, 06:00",7.38,7.49,12.34
"2022/08/22, 12:00",7.8,9.69,12.92
"2022/08/22, 18:00",7.48,9.32,11.87
"2022/08/23, 00:00",7.9,8.74,13.69
"2022/08/23, 06:00",7.24,8.71,12.7
"2022/08/23, 12:00",6.89,7.73,13.48
"2022/08/23, 18:00",6.69,8.97,13.78
"2022/08/24, 00:00",7.76,8.34,11.68
"2022/08/24, 06:00",8.01,9.01,13.8
"2022/08/24, 12:00",7.87,8.21,11.64
"2022/08/24, 18:00",7.83,8.16,11.15
"2022/08/25, 00:00",6.84,9.89,14.26
"2022/08/25, 06:00",7.44,7.57,11.76
"2022/08/25, 12:00",8.31,9.13,12.0
"2022/08/25, 18:00",7.92,9.63,12.02
"2022/08/26, 00:00",7.91,8.2,11.79
"2022/08/26, 06:00",7.48,8.85,11.41
"2022/08/26, 12:00",6.55,9.2,14.99
"2022/08/26, 18:00",7.53,7.29,13.48
"2022/08/27, 00:00",7.72,8.24,11.22
"2022/08/27, 06:00",7.7,7.05,13.08
"2022/08/27, 12:00",8.22,8.11,12.96
"2022/08/27, 18:00",7.29,9.55,13.95
"2022/08/28, 00:00",8.4,9.78,14.6
"2022/08/28, 06:00",7.23,9.74,14.0
"2022/08/28, 12:00",7.83,8.56,12.66
"2022/08/28, 18:00",8.38,8.84,11.89
"2022/08/29, 00:00",7.93,8.8,10.55
"2022/08/29, 06:00",8.44,8.37,13.32
"2022/08/29, 12:00",7.66,9.84,11.06
"2022/08/29, 18:00",7.53,8.4,12.08
"2022/08/30, 00:00",6.55,7.39,11.1
"2022/08/30, 06:00",6.52,7.1,11.2
"2022/08/30, 12:00",7.73,8.22,11.75
"2022/08/30, 18:00",8.11,9.86,11.25
"2022/08/31, 00:00",7.99,7.83,13.4
"2022/08/31, 06:00",8.15,9.63,12.2
"2022/08/31, 12:00",7.91,7.88,12.41
"2022/08/31, 18:00",7.81,8.67,10.33
"2022/09/01, 00:00",7.85,9.1,10.29
"2022/09/01, 06:00",7.6,8.51,10.57
"2022/09/01, 12:00",8.44,9.17,12.57
"2022/09/01, 18:00",8.33,8.45,11.64
"2022/09/02, 00:00",8.25,7.23,12.46
"2022/09/02, 06:00",7.2,7.94,11.7
"2022/09/02, 12:00",7.28,8.99,13.14
"2022/09/02, 18:00",6.83,9.17,11.89
"2022/09/03, 00:00",7.6,8.81,11.6
"2022/09/03, 06:00",6.77,7.31,12.16
"2022/09/03, 12:00",8.39,8.32,10.76
"2022/09/03, 18:00",6.98,9.02,13.85
"2022/09/04, 00:00",7.47,8.94,12.84
"2022/09/04, 06:00",7.8,7.08,13.33
"2022/09/04, 12:00",6.72,8.86,14.41
"2022/09/04, 18:00",7.61,8.12,12.54
"2022/09/05, 00:00",7.64,9.66,13.83
"2022/09/05, 06:00",8.45,7.58,14.23
"2022/09/05, 12:00",6.8,9.64,13.0
"2022/09/05, 18:00",6.64,9.49,12.03
"2022/09/06, 00:00",8.35,9.84,12.94
"2022/09/06, 06:00",6.93,7.45,13.15
"2022/09/06, 12:00",8.04,8.32,11.75
"2022/09/06, 18:00",8.06,8.13,11.14
"2022/09/07, 00:00",7.23,9.98,12.84
"2022/09/07, 06:00",6.86,8.03,10.78
"2022/09/07, 12:00",7.13,8.05,11.99
"2022/09/07, 18:00",7.74,7.44,12.66
"2022/09/08, 00:00",8.46,9.36,14.38
"2022/09/08, 06:00",7.76,8.14,14.68
"2022/09/08, 12:00",7.8,9.54,12.24
"2022/09/08, 18:00",7.22,9.07,13.36
"2022/09/09, 00:00",7.06,7.65,13.45
"2022/09/09, 06:00",7.36,7.36,10.87
"2022/09/09, 12:00",8.18,9.45,14.92
"2022/09/09, 18:00",8.07,8.81,10.94
"2022/09/10, 00:00",6.57,9.05,11.26
"2022/09/10, 06:00",7.75,8.02,13.39
"2022/09/10, 12:00",7.07,7.07,12.99
"2022/09/10, 18:00",6.92,8.58,10.95
"2022/09/11, 00:00",7.36,9.32,10.8
"2022/09/11, 06:00",8.15,8.3,11.11
"2022/09/11, 12:00",7.65,7.41,11.47
"2022/09/11, 18:00",7.18,9.29,14.29
"2022/09/12, 00:00",7.63,7.77,14.79
"2022/09/12, 06:00",7.98,8.61,13.03
"2022/09/12, 12:00",7.45,8.08,13.82
"2022/09/12, 18:00",6.63,8.01,12.43
"2022/09/13, 00:00",6.65,9.89,14.55
"2022/09/13, 06:00",8.32,7.8,11.72
"2022/09/13, 12:00",7.21,8.8,10.86
"2022/09/13, 18:00",8.35,8.12,10.76
"2022/09/14, 00:00",7.45,9.85,14.69
"2022/09/14, 06:00",7.3,8.31,11.53
"2022/09/14, 12:00",7.27,8.85,12.06
"2022/09/14, 18:00",8.27,9.62,12.21
"2022/09/15, 00:00",7.9,8.71,12.56
"2022/09/15, 06:00",7.02,7.6,14.59
"2022/09/15, 12:00",8.3,7.58,10.76
"2022/09/15, 18:00",7.06,9.47,11.01
"2022/09/16, 00:00",8.3,9.46,12.11
"2022/09/16, 06:00",7.25,7.94,13.92
"2022/09/16, 12:00",8.39,7.91,10.86
"2022/09/16, 18:00",7.28,9.92,12.82
"2022/09/17, 00:00",8.08,9.61,14.03
"2022/09/17, 06:00",7.25,7.2,13.34
"2022/09/17, 12:00",8.1,7.78,14.72
"2022/09/17, 18:00",7.94,7.25,10.68
"2022/09/18, 00:00",7.65,8.81,10.69
"2022/09/18, 06:00",6.81,7.91,14.62
"2022/09/18, 12:00",6.98,8.78,14.52
"2022/09/18, 18:00",7.06,9.07,14.43
"2022/09/19, 00:00",8.48,8.55,14.25
"2022/09/19, 06:00",7.63,9.92,14.57
"2022/09/19, 12:00",7.3,7.91,14.78
"2022/09/19, 18:00",6.8,8.49,10.35
"2022/09/20, 00:00",8.3,8.51,11.3
"2022/09/20, 06:00",8.38,9.29,14.86
"2022/09/20, 12:00",7.25,8.58,12.68
"2022/09/20, 18:00",8.34,9.12,12.25
"2022/09/21, 00:00",7.93,9.97,12.84
"2022/09/21, 06:00",7.85,7.53,11.04
"2022/09/21, 12:00",6.96,7.02,11.65
"2022/09/21, 18:00",6.63,7.14,10.79
"2022/09/22, 00:00",6.54,7.89,13.52
"2022/09/22, 06:00",7.51,9.12,11.16
"2022/09/22, 12:00",8.01,7.44,14.12
"2022/09/22, 18:00",8.45,9.63,10.35
"2022/09/23, 00:00",7.83,8.46,10.54
"2022/09/23, 06:00",7.7,7.81,14.64
"2022/09/23, 12:00",6.63,7.0,12.7
"2022/09/23, 18:00",7.11,8.59,13.91
"2022/09/24, 00:00",6.81,7.46,10.78
"2022/09/24, 06:00",7.17,8.89,13.52
"2022/09/24, 12:00",7.77,9.88,11.76
"2022/09/24, 18:00",6.85,8.18,13.52
"2022/09/25, 00:00",7.75,7.78,12.46
"2022/09/25, 06:00",7.29,9.14,13.85
"2022/09/25, 12:00",8.24,9.05,14.48
"2022/09/25, 18:00",8.12,9.57,11.28
"2022/09/26, 00:00",6.58,8.66,12.43
"2022/09/26, 06:00",6.89,9.64,13.29
"2022/09/26, 12:00",7.84,7.21,10.78
"2022/09/26, 18:00",7.0,9.04,12.8
"2022/09/27, 00:00",6.71,7.15,12.24
"2022/09/27, 06:00",8.42,8.1,12.44
"2022/09/27, 12:00",8.1,8.6,13.12
"2022/09/27, 18:00",8.07,8.11,11.07
"2022/09/28, 00:00",7.7,7.72,14.94
"2022/09/28, 06:00",7.41,9.26,10.58
"2022/09/28, 12:00",7.24,7.42,10.72
"2022/09/28, 18:00",8.15,7.75,14.47
"2022/09/29, 00:00",6.89,7.35,14.66
"2022/09/29, 06:00",7.4,8.5,13.3
"2022/09/29, 12:00",6.92,9.59,13.44
"2022/09/29, 18:00",6.53,7.37,10.36
"2022/09/30, 00:00",7.76,9.68,10.09
"2022/09/30, 06:00",7.71,7.88,11.61
"2022/09/30, 12:00",7.52,9.6,12.01
"2022/09/30, 18:00",7.64,8.3,14.71
"2022/10/01, 00:00",7.73,9.94,10.24
"2022/10/01, 06:00",8.14,8.98,11.09
"2022/10/01, 12:00",7.58,7.98,10.06
"2022/10/01, 18:00",7.74,8.94,12.74
"2022/10/02, 00:00",8.29,8.69,13.09
"2022/10/02, 06:00",7.86,9.97,14.36
"2022/10/02, 12:00",6.74,9.58,12.93
"2022/10/02, 18:00",8.11,7.5,14.48
"2022/10/03, 00:00",7.67,8.51,10.56
"2022/10/03, 06:00",7.65,8.69,12.98
"2022/10/03, 12:00",7.32,8.42,13.85
"2022/10/03, 18:00",7.99,9.24,10.33
"2022/10/04, 00:00",6.56,9.51,12.13
"2022/10/04, 06:00",7.61,7.33,10.26
"2022/10/04, 12:00",7.01,8.65,14.58
"2022/10/04, 18:00",7.72,7.63,10.36
"2022/10/05, 00:00",7.29,7.12,13.77
"2022/10/05, 06:00",6.67,9.23,13.95
"2022/10/05, 12:00",6.99,8.2,10.24
"2022/10/05, 18:00",7.96,8.0,11.81
"2022/10/06, 00:00",8.27,7.56,12.38
"2022/10/06, 06:00",8.43,7.95,13.22
"2022/10/06, 12:00",8.07,9.62,10.78
"2022/10/06, 18:00",7.8,9.13,10.05
"2022/10/07, 00:00",7.37,9.99,11.52
"2022/10/07, 06:00",7.27,9.43,12.21
"2022/10/07, 12:00",7.38,7.6,13.21
"2022/10/07, 18:00",6.53,7.4,10.71
"2022/10/08, 00:00",8.27,8.39,13.01
"2022/10/08, 06:00",7.71,9.47,14.65
"2022/10/08, 12:00",6.51,8.52,11.47
"2022/10/08, 18:00",8.36,7.89,12.26
"2022/10/09, 00:00",6.7,9.48,14.27
"2022/10/09, 06:00",7.59,7.17,10.53
"2022/10/09, 12:00",7.5,9.39,10.86
"2022/10/09, 18:00",7.86,8.59,12.4
"2022/10/10, 00:00",7.49,8.27,13.62
"2022/10/10, 06:00",7.36,8.39,13.29
"2022/10/10, 12:00",6.6,9.31,10.91
"2022/10/10, 18:00",7.7,9.81,11.56
"2022/10/11, 00:00",6.59,9.4,14.91
"2022/10/11, 06:00",8.03,7.6,14.46
"2022/10/11, 12:00",7.45,7.46,11.7
"2022/10/11, 18:00",7.43,9.6,10.77
"2022/10/12, 00:00",8.22,8.7,10.86
"2022/10/12, 06:00",7.8,7.33,13.83
"2022/10/12, 12:00",8.24,7.95,12.62
"2022/10/12, 18:00",8.44,7.1,10.53
"2022/10/13, 00:00",8.33,9.61,11.3
"2022/10/13, 06:00",6.87,9.28,11.66
"2022/10/13, 12:00",7.41,7.75,12.8
"2022/10/13, 18:00",7.71,8.48,12.33
"2022/10/14, 00:00",6.98,8.41,13.49
"2022/10/14, 06:00",7.83,7.12,11.66
"2022/10/14, 12:00",7.37,9.78,11.72
"2022/10/14, 18:00",8.48,7.56,10.13
"2022/10/15, 00:00",7.27,7.04,10.09
"2022/10/15, 06:00",7.04,7.78,13.89
"2022/10/15, 12:00",7.08,7.33,11.89
"2022/10/15, 18:00",8.02,8.1,14.56
"2022/10/16, 00:00",6.84,7.8,10.43
"2022/10/16, 06:00",7.43,8.37,14.31
"2022/10/16, 12:00",7.8,8.09,12.68
"2022/10/16, 18:00",7.37,8.08,12.0
"2022/10/17, 00:00",7.45,9.74,10.59
"2022/10/17, 06:00",8.23,7.33,13.56
"2022/10/17, 12:00",7.18,8.63,13.18
"2022/10/17, 18:00",7.97,9.6,10.32
"2022/10/18, 00:00",8.07,9.67,14.39
"2022/10/18, 06:00",6.58,7.42,12.67
"2022/10/18, 12:00",7.71,9.41,11.51
"2022/10/18, 18:00",7.25,8.17,14.19
"2022/10/19, 00:00",7.41,7.9,13.19
"2022/10/19, 06:00",7.82,8.63,12.96
"2022/10/19, 12:00",8.43,8.78,13.28
"2022/10/19, 18:00",7.04,7.76,10.61
"2022/10/20, 00:00",8.15,9.96,11.27
"2022/10/20, 06:00",8.27,7.64,11.95
"2022/10/20, 12:00",7.56,8.69,10.69
"2022/10/20, 18:00",6.75,9.32,10.3
"2022/10/21, 00:00",6.63,9.95,12.03
"2022/10/21, 06:00",8.22,9.91,14.33
"2022/10/21, 12:00",6.88,7.05,12.42
"2022/10/21, 18:00",6.98,8.62,14.83
"2022/10/22, 00:00",7.56,8.47,11.92
"2022/10/22, 06:00",7.34,9.45,10.39
"2022/10/22, 12:00",7.82,8.67,14.97
"2022/10/22, 18:00",6.9,7.41,13.83
"2022/10/23, 00:00",6.68,9.57,11.23
"2022/10/23, 06:00",6.71,9.47,14.3
"2022/10/23, 12:00",6.9,7.57,12.26
"2022/10/23, 18:00",8.36,8.28,11.93
"2022/10/24, 00:00",7.36,7.61,12.47
"2022/10/24, 06:00",7.53,8.57,14.05
"2022/10/24, 12:00",7.82,9.92,12.58
"2022/10/24, 18:00",7.43,8.81,13.47
"2022/10/25, 00:00",7.57,7.14,14.01
"2022/10/25, 06:00",6.67,7.09,12.06
"2022/10/25, 12:00",8.03,9.47,12.73
"2022/10/25, 18:00",7.34,8.57,14.75
"2022/10/26, 00:00",8.0,7.6,11.13
"2022/10/26, 06:00",7.49,7.24,14.13
"2022/10/26, 12:00",6.83,7.65,14.86
"2022/10/26, 18:00",8.35,9.54,12.05
"2022/10/27, 00:00",7.12,7.83,11.02
"2022/10/27, 06:00",6.78,7.32,13.77
"2022/10/27, 12:00",7.01,8.96,11.06
"2022/10/27, 18:00",6.66,9.25,13.77
"2022/10/28, 00:00",8.11,9.69,14.15
"2022/10/28, 06:00",6.56,8.53,11.6
"2022/10/28, 12:00",6.89,7.2,13.04
"2022/10/28, 18:00",7.68,9.89,13.42
"2022/10/29, 00:00",6.69,7.91,13.85
"2022/10/29, 06:00",7.67,9.09,12.48
"2022/10/29, 12:00",7.3,7.75,13.53
"2022/10/29, 18:00",6.5,9.62,10.5
"2022/10/30, 00:00",7.26,9.79,10.78
"2022/10/30, 06:00",7.8,8.47,14.38
"2022/10/30, 12:00",7.84,9.15,14.16
"2022/10/30, 18:00",8.15,7.31,11.16
"2022/10/31, 00:00",8.48,8.25,11.9
"2022/10/31, 06:00",6.75,9.85,11.54
"2022/10/31, 12:00",7.37,7.41,14.16
"2022/10/31, 18:00",8.26,9.82,10.32
"2022/11/01, 00:00",6.8,8.81,13.25
"2022/11/01, 06:00",7.57,9.72,14.17
"2022/11/01, 12:00",6.78,7.02,10.95
"2022/11/01, 18:00",6.51,8.76,13.45
"2022/11/02, 00:00",8.21,7.28,13.43
"2022/11/02, 06:00",6.64,8.02,11.74
"2022/11/02, 12:00",7.58,9.61,13.38
"2022/11/02, 18:00",6.83,8.35,11.72
"2022/11/03, 00:00",7.84,7.87,13.52
"2022/11/03, 06:00",7.98,8.0,11.28
"2022/11/03, 12:00",7.86,9.4,14.72
"2022/11/03, 18:00",7.49,9.23,10.95
"2022/11/04, 00:00",7.29,7.47,14.57
"2022/11/04, 06:00",7.12,9.36,14.47
"2022/11/04, 12:00",8.4,8.87,14.59
"2022/11/04, 18:00",8.27,9.8,11.74
"2022/11/05, 00:00",7.68,7.98,14.61
"2022/11/05, 06:00",7.24,9.96,11.52
"2022/11/05, 12:00",8.32,7.18,14.72
"2022/11/05, 18:00",7.39,9.22,11.51
"2022/11/06, 00:00",7.59,8.67,11.39
"2022/11/06, 06:00",6.87,8.87,12.13
"2022/11/06, 12:00",8.34,8.35,13.99
"2022/11/06, 18:00",8.09,8.18,10.65
"2022/11/07, 00:00",7.64,9.06,12.07
"2022/11/07, 06:00",7.4,9.35,10.64
"2022/11/07, 12:00",7.07,9.77,10.66
"2022/11/07, 18:00",8.18,9.56,13.58
"2022/11/08, 00:00",7.75,10.0,10.37
"2022/11/08, 06:00",7.67,8.57,14.89
"2022/11/08, 12:00",7.02,7.4,14.7
"2022/11/08, 18:00",7.4,9.11,13.09
"2022/11/09, 00:00",8.33,9.92,11.11
"2022/11/09, 06:00",7.99,7.24,12.9
"2022/11/09, 12:00",7.95,8.27,11.75
"2022/11/09, 18:00",8.48,9.47,11.58
"2022/11/10, 00:00",7.83,7.49,12.54
"2022/11/10, 06:00",6.58,10.0,10.57
"2022/11/10, 12:00",8.43,8.13,10.27
"2022/11/10, 18:00",7.05,9.34,11.87
"2022/11/11, 00:00",8.11,7.7,10.81
"2022/11/11, 06:00",6.54,8.26,11.15
"2022/11/11, 12:00",6.94,9.13,14.55
"2022/11/11, 18:00",7.97,9.38,13.13
"2022/11/12, 00:00",7.29,8.35,10.63
"2022/11/12, 06:00",7.0,9.52,12.01
"2022/11/12, 12:00",6.8,7.38,10.72
"2022/11/12, 18:00",6.77,8.16,10.28
"2022/11/13, 00:00",7.64,9.83,14.55
"2022/11/13, 06:00",7.57,9.6,10.83
"2022/11/13, 12:00",7.99,7.18,10.15
"2022/11/13, 18:00",6.71,7.61,11.22
"2022/11/14, 00:00",7.38,8.85,13.48
"2022/11/14, 06:00",6.94,8.37,10.93
"2022/11/14, 12:00",7.08,8.55,13.93
"2022/11/14, 18:00",7.89,9.88,13.57
"2022/11/15, 00:00",6.56,9.7,11.6
"2022/11/15, 06:00",6.54,8.75,14.67
"2022/11/15, 12:00",7.87,8.75,10.69
"2022/11/15, 18:00",8.05,9.06,13.5
"2022/11/16, 00:00",6.97,9.82,12.74
"2022/11/16, 06:00",6.62,7.05,11.84
"2022/11/16, 12:00",8.46,9.32,14.54
"2022/11/16, 18:00",7.01,7.22,10.7
"2022/11/17, 00:00",8.38,7.68,10.36
"2022/11/17, 06:00",8.24,7.87,13.26
"2022/11/17, 12:00",7.85,8.93,13.39
"2022/11/17, 18:00",7.3,9.84,11.21
"2022/11/18, 00:00",7.63,7.48,12.29
"2022/11/18, 06:00",7.0,9.08,11.07
"2022/11/18, 12:00",7.32,7.91,10.98
"2022/11/18, 18:00",6.61,9.76,13.6
"2022/11/19, 00:00",6.72,7.76,10.67
"2022/11/19, 06:00",8.11,9.99,13.08
"2022/11/19, 12:00",7.88,7.82,14.77
"2022/11/19, 18:00",7.47,9.47,12.3
"2022/11/20, 00:00",6.66,7.3,13.38
"2022/11/20, 06:00",7.93,7.28,14.19
"2022/11/20, 12:00",7.41,7.34,12.07
"2022/11/20, 18:00",7.91,9.67,12.02
"2022/11/21, 00:00",7.22,7.25,10.62
"2022/11/21, 06:00",7.59,8.23,13.59
"2022/11/21, 12:00",6.61,9.98,11.91
"2022/11/21, 18:00",7.6,7.76,14.03
"2022/11/22, 00:00",8.35,7.94,12.73
"2022/11/22, 06:00",7.34,8.25,12.73
"2022/11/22, 12:00",6.67,7.91,14.51
"2022/11/22, 18:00",8.33,9.38,11.48
"2022/11/23, 00:00",7.48,8.34,12.99
"2022/11/23, 06:00",7.52,9.8,10.04
"2022/11/23, 12:00",6.91,7.87,11.57
"2022/11/23, 18:00",7.7,8.73,14.1
"2022/11/24, 00:00",6.9,7.94,13.3
"2022/11/24, 06:00",7.08,9.26,12.19
"2022/11/24, 12:00",7.93,8.81,10.07
"2022/11/24, 18:00",7.52,7.96,14.23
"2022/11/25, 00:00",8.15,7.31,12.97
"2022/11/25, 06:00",6.88,9.52,13.12
"2022/11/25, 12:00",7.39,8.31,13.0
"2022/11/25, 18:00",7.17,9.56,14.92
"2022/11/26, 00:00",7.79,7.38,10.93
"2022/11/26, 06:00",8.42,7.21,10.43
"2022/11/26, 12:00",7.67,9.04,14.39
"2022/11/26, 18:00",8.18,9.03,12.41
"2022/11/27, 00:00",8.21,8.09,11.99
"2022/11/27, 06:00",7.1,8.8,10.61
"2022/11/27, 12:00",7.36,7.33,11.39
"2022/11/27, 18:00",6.59,7.77,13.78
"2022/11/28, 00:00",6.73,8.01,10.04
"2022/11/28, 06:00",7.62,9.49,13.94
"2022/11/28, 12:00",7.57,9.91,11.99
"2022/11/28, 18:00",7.97,7.4,11.35
"2022/11/29, 00:00",7.14,7.05,13.79
"2022/11/29, 06:00",8.31,7.51,14.81
"2022/11/29, 12:00",7.37,7.15,14.32
"2022/11/29, 18:00",8.06,8.69,10.27
"2022/11/30, 00:00",7.27,7.65,11.8
"2022/11/30, 06:00",8.19,8.54,13.1
"2022/11/30, 12:00",8.25,9.6,13.21
"2022/11/30, 18:00",8.21,8.24,13.12
"2022/12/01, 00:00",6.71,8.94,10.32
"2022/12/01, 06:00",8.46,7.28,14.44
"2022/12/01, 12:00",8.49,7.08,12.05
"2022/12/01, 18:00",6.66,9.09,10.81
"2022/12/02, 00:00",7.89,8.89,13.7
"2022/12/02, 06:00",7.45,7.68,12.7
"2022/12/02, 12:00",6.92,7.18,12.26
"2022/12/02, 18:00",6.87,8.75,14.46
"2022/12/03, 00:00",7.39,8.59,11.67
"2022/12/03, 06:00",6.6,7.44,13.68
"2022/12/03, 12:00",6.65,7.22,11.56
"2022/12/03, 18:00",7.51,7.18,14.94
"2022/12/04, 00:00",7.55,9.42,10.97
"2022/12/04, 06:00",6.74,9.07,14.55
"2022/12/04, 12:00",7.64,7.7,14.07
"2022/12/04, 18:00",8.04,8.69,14.73
"2022/12/05, 00:00",8.24,8.91,11.11
"2022/12/05, 06:00",8.31,7.86,13.05
"2022/12/05, 12:00",7.38,8.36,10.39
"2022/12/05, 18:00",7.85,8.66,13.56
"2022/12/06, 00:00",7.42,9.44,12.88
"2022/12/06, 06:00",6.64,8.72,11.73
"2022/12/06, 12:00",6.88,9.99,12.81
"2022/12/06, 18:00",8.06,9.57,11.19
"2022/12/07, 00:00",7.42,8.54,11.89
"2022/12/07, 06:00",8.04,7.29,14.07
"2022/12/07, 12:00",7.2,7.91,11.93
"2022/12/07, 18:00",7.82,9.46,10.51
"2022/12/08, 00:00",8.19,8.6,11.25
"2022/12/08, 06:00",7.39,7.99,13.97
"2022/12/08, 12:00",8.42,9.7,13.87
"2022/12/08, 18:00",6.75,9.72,13.0
"2022/12/09, 00:00",7.14,7.81,10.21
"2022/12/09, 06:00",6.51,7.42,12.62
"2022/12/09, 12:00",7.62,9.92,13.84
"2022/12/09, 18:00",8.16,9.03,12.15
"2022/12/10, 00:00",6.99,8.66,13.58
"2022/12/10, 06:00",8.32,7.57,11.88
"2022/12/10, 12:00",7.72,9.98,11.83
"2022/12/10, 18:00",7.98,7.09,14.12
"2022/12/11, 00:00",8.03,7.27,14.45
"2022/12/11, 06:00",7.98,7.86,12.48
"2022/12/11, 12:00",6.67,7.18,10.72
"2022/12/11, 18:00",7.01,8.3,14.19
"2022/12/12, 00:00",7.32,8.14,10.34
"2022/12/12, 06:00",8.15,8.17,12.5
"2022/12/12, 12:00",6.72,7.13,13.03
"2022/12/12, 18:00",7.27,8.56,11.3
"2022/12/13, 00:00",7.39,8.94,14.03
"2022/12/13, 06:00",8.3,7.16,13.74
"2022/12/13, 12:00",6.96,9.1,14.69
"2022/12/13, 18:00",7.04,7.45,14.93
"2022/12/14, 00:00",6.68,8.83,10.81
"2022/12/14, 06:00",7.54,8.33,11.51
"2022/12/14, 12:00",7.2,8.59,10.6
"2022/12/14, 18:00",8.02,7.45,12.22
"2022/12/15, 00:00",7.0,9.27,10.93
"2022/12/15, 06:00",7.23,7.91,14.53
"2022/12/15, 12:00",8.32,7.01,11.76
"2022/12/15, 18:00",6.8,8.62,13.07
"2022/12/16, 00:00",6.8,9.36,10.15
"2022/12/16, 06:00",7.35,7.56,12.71
"2022/12/16, 12:00",7.91,8.43,11.52
"2022/12/16, 18:00",7.55,9.6,13.52
"2022/12/17, 00:00",8.31,8.4,11.59
"2022/12/17, 06:00",7.64,9.3,12.67
"2022/12/17, 12:00",7.99,7.63,14.67
"2022/12/17, 18:00",6.61,7.76,14.92
"2022/12/18, 00:00",7.05,7.72,14.18
"2022/12/18, 06:00",7.65,8.29,11.24
"2022/12/18, 12:00",7.89,9.63,11.49
"2022/12/18, 18:00",7.07,7.21,12.23
"2022/12/19, 00:00",7.06,8.37,12.35
"2022/12/19, 06:00",8.48,7.09,11.18
"2022/12/19, 12:00",7.69,8.04,12.29
"2022/12/19, 18:00",7.67,9.81,10.78
"2022/12/20, 00:00",8.25,7.92,13.8
"2022/12/20, 06:00",7.03,8.4,13.42
"2022/12/20, 12:00",7.73,7.4,14.08
"2022/12/20, 18:00",7.44,7.46,12.28
"2022/12/21, 00:00",7.49,8.0,11.09
"2022/12/21, 06:00",7.64,7.76,10.49
"2022/12/21, 12:00",7.35,8.91,12.61
"2022/12/21, 18:00",7.45,8.58,11.64
"2022/12/22, 00:00",6.62,9.25,12.26
"2022/12/22, 06:00",7.79,9.33,13.32
"2022/12/22, 12:00",6.63,9.29,11.73
"2022/12/22, 18:00",7.04,7.51,13.07
"2022/12/23, 00:00",8.14,8.7,14.06
"2022/12/23, 06:00",8.23,8.07,14.64
"2022/12/23, 12:00",6.83,9.67,11.74
"2022/12/23, 18:00",7.77,8.25,11.68
"2022/12/24, 00:00",7.11,8.88,14.61
"2022/12/24, 06:00",7.49,8.53,10.66
"2022/12/24, 12:00",7.44,7.61,14.61
"2022/12/24, 18:00",8.49,8.6,11.41
"2022/12/25, 00:00",7.62,8.28,10.04
"2022/12/25, 06:00",6.65,8.36,13.69
"2022/12/25, 12:00",7.24,7.93,12.89
"2022/12/25, 18:00",8.35,8.22,13.11
"2022/12/26, 00:00",6.81,7.34,11.18
"2022/12/26, 06:00",6.6,9.93,11.99
"2022/12/26, 12:00",8.06,9.97,10.54
"2022/12/26, 18:00",7.93,7.21,13.62
"2022/12/27, 00:00",7.81,8.39,10.59
"2022/12/27, 06:00",7.8,7.2,10.15
"2022/12/27, 12:00",7.97,8.31,13.63
"2022/12/27, 18:00",7.23,7.79,12.95
"2022/12/28, 00:00",7.34,9.72,12.51
"2022/12/28, 06:00",6.94,9.06,10.39
"2022/12/28, 12:00",8.27,8.1,14.56
"2022/12/28, 18:00",7.26,8.5,11.19
"2022/12/29, 00:00",6.97,7.62,14.66
"2022/12/29, 06:00",7.62,7.29,11.12
"2022/12/29, 12:00",6.69,9.58,12.14
"2022/12/29, 18:00",7.74,9.5,14.11
"2022/12/30, 00:00",8.08,9.55,14.61
"2022/12/30, 06:00",6.75,8.91,10.95
"2022/12/30, 12:00",8.37,9.74,10.69
"2022/12/30, 18:00",6.7,7.23,10.42
"2022/12/31, 00:00",8.17,9.01,13.04
"2022/12/31, 06:00",7.7,8.38,14.72
"2022/12/31, 12:00",6.94,7.85,11.97
"2022/12/31, 18:00",8.13,8.02,11.82